{
  "description": "",
  "name": "East_Bay_Greenway2",
  "allowedModes": [
    "BICYCLE",
    "WALK",
    "CAR"
  ],
  "bikeTimeFactor": 1,
  "bikeLts": 1,
  "carSpeedKph": 64,
  "lineStrings": [
    [
      [
        -122.264614,
        37.798344
      ],
      [
        -122.253103,
        37.790666
      ],
      [
        -122.236232,
        37.782242
      ],
      [
        -122.226696,
        37.776169
      ],
      [
        -122.226997,
        37.775288
      ],
      [
        -122.216908,
        37.770577
      ],
      [
        -122.207489,
        37.762719
      ],
      [
        -122.195695,
        37.752455
      ],
      [
        -122.189072,
        37.747044
      ]
    ],
    [
      [
        -122.188866,
        37.747123
      ],
      [
        -122.166714,
        37.72922
      ],
      [
        -122.161212,
        37.723988
      ],
      [
        -122.158006,
        37.718641
      ],
      [
        -122.150451,
        37.713519
      ],
      [
        -122.145514,
        37.713248
      ],
      [
        -122.142809,
        37.715351
      ],
      [
        -122.130088,
        37.706307
      ],
      [
        -122.119125,
        37.698943
      ],
      [
        -122.106279,
        37.689975
      ],
      [
        -122.084974,
        37.673342
      ],
      [
        -122.08177,
        37.670128
      ]
    ]
  ],
  "walkTimeFactor": 1
}