{
  "description": "",
  "name": "East_Bay_Greenway_modify",
  "allowedModes": [
    "BICYCLE"
  ],
  "bikeTimeFactor": 1,
  "bikeLts": 1,
  "carSpeedKph": 56,
  "polygons": [
    [
      [
        -122.264843,
        37.798396
      ],
      [
        -122.226477,
        37.776297
      ],
      [
        -122.216892,
        37.770935
      ],
      [
        -122.17947,
        37.739738
      ],
      [
        -122.166424,
        37.728869
      ],
      [
        -122.164407,
        37.728123
      ],
      [
        -122.161274,
        37.724086
      ],
      [
        -122.157869,
        37.718249
      ],
      [
        -122.150316,
        37.713227
      ],
      [
        -122.145338,
        37.713227
      ],
      [
        -122.142677,
        37.715467
      ],
      [
        -122.125626,
        37.703614
      ],
      [
        -122.105198,
        37.689768
      ],
      [
        -122.084827,
        37.672932
      ],
      [
        -122.081695,
        37.670197
      ],
      [
        -122.264843,
        37.798396
      ]
    ]
  ],
  "walkTimeFactor": 1
}